ID	Name	Designator	Footprint	Quantity	Manufacturer Part	Manufacturer	Supplier	Supplier Part	Price
"1"	"4000Hz"	"BUZZER1"	"BUZ-TH_BD12.5-P5.00-D0.9"	"1"	"PS1240P02BT"	"TDK"	"LCSC"	"C76871"	"0.213"
"2"	"10uF"	"C1,C2"	"C1206"	"2"	"CL31A106KBHNNNE"	"SAMSUNG(三星)"	"LCSC"	"C13585"	"0.268"
"3"	"47uF"	"C3,C4,C5"	"C1206"	"3"	"CL31A476MPHNNNE"	"SAMSUNG(三星)"	"LCSC"	"C96123"	"0.276"
"4"	"470uF"	"C6,C7"	"CAP-SMD_BD12.5-L13.0-W13.0-RD"	"2"	"RVT1H471M1213"	"ROQANG(容强)"	"LCSC"	"C90272"	"0.143"
"5"	"4.7nF"	"C8"	"C0402"	"1"	"0402B472K500NT"	"FH(风华)"	"LCSC"	"C1538"	"0.005"
"6"	"47pF"	"C9"	"C0402"	"1"	"0402CG470J500NT"	"FH(风华)"	"LCSC"	"C1567"	"0.009"
"7"	"10uF"	"C10,C11,C12,C19,C20,C21,C67"	"C0805"	"7"	"CL21A106KAYNNNE"	"SAMSUNG(三星)"	"LCSC"	"C15850"	"0.085"
"8"	"22uF"	"C13,C14,C15,C16,C17,C18"	"C0805"	"6"	"CL21A226MAQNNNE"	"SAMSUNG(三星)"	"LCSC"	"C45783"	"0.246"
"9"	"1nF"	"C22"	"C1206"	"1"	"1206B102K202NT"	"FH(风华)"	"LCSC"	"C9196"	"0.026"
"10"	"10nF"	"C29,C30"	"C0402"	"2"	"CL05B103KB5NNNC"	"SAMSUNG(三星)"	"LCSC"	"C15195"	"0.005"
"11"	"100nF"	"C32,C33,C34,C44,C45,C46,C47,C48,C49,C50,C64,C66,C69,C70,C71,C72,C73,C74,C76,C77,C78,C79,C83,C85,C86,C87,C88,C89,C90,C91"	"C0402"	"30"	"CL05B104KO5NNNC"	"SAMSUNG(三星)"	"LCSC"	"C1525"	"0.005"
"12"	"1uF"	"C54,C55,C56,C62,C63,C80,C84"	"C0603"	"7"	"CL10A105KB8NNNC"	"SAMSUNG(三星)"	"LCSC"	"C15849"	"0.022"
"13"	"SS56C_C123948"	"D1"	"SMC_L7.1-W6.2-LS8.1-RD"	"1"	"SS56C"	"晶导微电子"	"LCSC"	"C123948"	"0.078"
"14"	"BZT52C12-7-F"	"D2"	"SOD-123_L2.7-W1.6-LS3.7-RD"	"1"	"BZT52C12-7-F"	"DIODES(美台)"	"LCSC"	"C124196"	"0.058"
"15"	"B5819W_C8598"	"D4"	"SOD-123_L2.7-W1.6-LS3.7-RD-1"	"1"	"B5819W SL"	"CJ(江苏长电/长晶)"	"LCSC"	"C8598"	"0.028"
"16"	"NUP2105L_C284104"	"D5,D6,D7"	"SOT-23-3_L2.9-W1.3-P1.90-LS2.4-BR"	"3"	"NUP2105L"	"DOWO(东沃)"	"LCSC"	"C284104"	"0.057"
"17"	"SMAJ12CA-13-F"	"D9,D10,D11,D12"	"SMA_L4.4-W2.6-LS5.0-BI"	"4"	"SMAJ12CA-13-F"	"DIODES(美台)"	"LCSC"	"C134948"	"0.144"
"18"	"ESD9B5V"	"D13,D16"	"SOD-923_L0.8-W0.6-LS1.0-BI-1"	"2"	"ESD9B5V"	"TECH PUBLIC(台舟)"	"LCSC"	"C2905646"	"0.032"
"19"	"SMAJ16A_C283886"	"D14,D17,D18"	"SMA_L4.4-W2.8-LS5.4-RD"	"3"	"SMAJ16A"	"DOWO(东沃)"	"LCSC"	"C283886"	"0.036"
"20"	"SRV05-4_C558418"	"D15"	"SOT-23-6_L2.9-W1.6-P0.95-LS2.8-BL"	"1"	"SRV05-4"	"TECH PUBLIC(台舟)"	"LCSC"	"C558418"	"0.027"
"21"	"SK6812SIDE-A_C5378721"	"D19,D20,D21,D22"	"LED-SMD_4P-L4.0-W1.6-L"	"4"	"SK6812SIDE-A"	"欧思科光电"	"LCSC"	"C5378721"	"0.092"
"22"	"XL-0603QYGC"	"D23"	"LED0603-RD"	"1"	"KT-0603YG"	"KENTO"	"LCSC"	"C2289"	"0.011"
"23"	"HDR-F-2.54_1x3"	"H1"	"HDR-F-2.54_1X3"	"1"	""	""	"LCSC"	"C146690"	"0.101"
"24"	"HDR-F-2.54_2x2"	"H3"	"HDR-F-2.54_2X2"	"1"	""	""	"LCSC"	"C239342"	"0.087"
"25"	"ATS13-26PA-BM01"	"J1"	"ATS1326PABM01"	"1"	""	""	""	""	""
"26"	"HR911130C"	"L1"	"RJ45-TH_HR911130C"	"1"	"HR911130C"	"HANRUN(汉仁)"	"LCSC"	"C50933"	"2.837"
"27"	"6.8uH"	"L2"	"IND-SMD_L11.0-W10.0_MDA1054HT"	"1"	"MWSA1004S-6R8MT"	"Sunlord(顺络)"	"LCSC"	"C408485"	""
"28"	"3.3uH"	"L3"	"IND-SMD_L4.0-W4.0_SMNR4012"	"1"	"SWPA4030S3R3MT"	"Sunlord(顺络)"	"LCSC"	"C15269"	""
"29"	"Ardusimple RTK2B Board"	"P2"	"ARDUSIMPLE"	"1"	""	"Ardusimple"	""	""	""
"30"	"IRFR5305TRPBF"	"Q1"	"TO-252-3_L6.5-W6.1-P4.58-LS9.9-BR"	"1"	"IRFR5305TRPBF"	"Infineon(英飞凌)"	"LCSC"	"C2624"	"0.396"
"31"	"2N7002"	"Q2"	"SOT-23-3_L2.9-W1.3-P1.90-LS2.4-BR"	"1"	"2N7002"	"CJ(江苏长电/长晶)"	"LCSC"	"C8545"	"0.016"
"32"	"243kΩ"	"R1"	"R0402"	"1"	"0402WGF2433TCE"	"UNI-ROYAL(厚声)"	"LCSC"	"C43249"	"0.002"
"33"	"442kΩ"	"R2"	"R0402"	"1"	"RC0402FR-07442KL"	"YAGEO(国巨)"	"LCSC"	"C273339"	"0.002"
"34"	"90.9kΩ"	"R3"	"R0402"	"1"	"0402WGF9092TCE"	"UNI-ROYAL(厚声)"	"LCSC"	"C26989"	"0.002"
"35"	"487Ω"	"R4"	"R0402"	"1"	"SCR0402F487R"	"VO(翔胜)"	"LCSC"	"C3015778"	"0.001"
"36"	"16.9kΩ"	"R5"	"R0402"	"1"	"0402WGF1692TCE"	"UNI-ROYAL(厚声)"	"LCSC"	"C25858"	"0.001"
"37"	"8.2kΩ"	"R6"	"R0402"	"1"	"0402WGF8201TCE"	"UNI-ROYAL(厚声)"	"LCSC"	"C25924"	"0.002"
"38"	"52.3kΩ"	"R7"	"R0402"	"1"	"0402WGF5232TCE"	"UNI-ROYAL(厚声)"	"LCSC"	"C26982"	"0.003"
"39"	"33kΩ"	"R8"	"R0402"	"1"	"0402WGF3302TCE"	"UNI-ROYAL(厚声)"	"LCSC"	"C25779"	"0.009"
"40"	"1kΩ"	"R13,R14,R58,R60,R70,R72,R73,R79"	"R0402"	"8"	"0402WGF1001TCE"	"UNI-ROYAL(厚声)"	"LCSC"	"C11702"	"0.002"
"41"	"10kΩ"	"R15,R47,R48,R49,R50,R51,R59,R61,R62,R69,R74,R75"	"R0402"	"12"	"0402WGF1002TCE"	"UNI-ROYAL(厚声)"	"LCSC"	"C25744"	"0.003"
"42"	"330Ω"	"R27,R28,R29,R71"	"R0402"	"4"	"0402WGF3300TCE"	"UNI-ROYAL(厚声)"	"LCSC"	"C25104"	"0.004"
"43"	"470Ω"	"R32"	"R0402"	"1"	"0402WGF4700TCE"	"UNI-ROYAL(厚声)"	"LCSC"	"C25117"	"0.003"
"44"	"100Ω"	"R33"	"R0402"	"1"	"0402WGF1000TCE"	"UNI-ROYAL(厚声)"	"LCSC"	"C25076"	"0.004"
"45"	"100kΩ"	"R40,R42,R43"	"R0402"	"3"	"0402WGF1003TCE"	"UNI-ROYAL(厚声)"	"LCSC"	"C25741"	"0.003"
"46"	"4.7kΩ"	"R63"	"R0402"	"1"	"FRC0402F4701TS"	"FOJAN(富捷)"	"LCSC"	"C2906869"	"0.002"
"47"	"33Ω"	"R64,R65,R66"	"R0402"	"3"	"FRC0402F33R0TS"	"FOJAN(富捷)"	"LCSC"	"C2906868"	"0.002"
"48"	"PTS645VH83-2LFS"	"SW1"	"KEY-TH_PTS645VXX83XLFS"	"1"	"PTS645VH83-2LFS"	"C&K"	"LCSC"	"C221889"	"0.117"
"49"	"SMBJ24A-C87268"	"TV1"	"SMB_L4.6-W3.6-LS5.3-RD"	"1"	"SMBJ24A"	"Brightking(君耀电子)"	"LCSC"	"C87268"	"0.071"
"50"	"TPS54560DDAR"	"U1"	"SOIC-8_L5.0-W4.0-P1.27-LS6.0-BL-EP2.0"	"1"	"TPS54560DDAR"	"TI(德州仪器)"	"LCSC"	"C31966"	"1.179"
"51"	"TPS259571DSGR"	"U2"	"WSON-8_L2.0-W2.0-P0.50-TL-EP"	"1"	"TPS259571DSGR"	"TI(德州仪器)"	"LCSC"	"C471038"	"0.751"
"52"	"RT9080-33GJ5"	"U3"	"TSOT-23-5_L2.9-W1.6-P0.95-LS2.8-BL"	"1"	"RT9080-33GJ5"	"RICHTEK(立锜)"	"LCSC"	"C841192"	"0.121"
"53"	"TPS563201DDCR"	"U4"	"SOT-23-6_L2.9-W1.6-P0.95-LS2.8-BR"	"1"	"TPS563201DDCR"	"TI(德州仪器)"	"LCSC"	"C116592"	"0.07"
"54"	"91302-55-067R2M"	"U5"	"NVME"	"1"	"91302-55-067R2M"	"UMaxconn(友贸)"	"LCSC"	"C2922444"	"1.141"
"55"	"MCP251863T-E/SS"	"U7,U8,U9"	"SSOP-28_L10.2-W5.3-P0.65-LS7.8-BL"	"3"	"MCP251863T-E/SS"	"MICROCHIP(美国微芯)"	"LCSC"	"C5226885"	"3.215"
"56"	"SP3232EEN-L/TR"	"U12"	"SOIC-16_L9.9-W3.9-P1.27-LS6.0-BL"	"1"	"SP3232EEN-L/TR"	"MaxLinear(迈凌)"	"LCSC"	"C9378"	"0.416"
"57"	"UM982EB MODULE"	"U16"	"UM982EB MODULE"	"1"	"UM982EB"	"UNICORECOMM"	""	""	""
"58"	"CM4101000"	"U19"	"COMM-SMD_L55.0-W40.0_CM4101000"	"1"	"CM4101000"	"Raspberry Pi(树莓派)"	"LCSC"	"C20754863"	""
"59"	"STWD100NXWY3F"	"U20"	"SOT-23-5_L2.9-W1.6-P0.95-LS2.8-BL"	"1"	"STWD100NXWY3F"	"ST(意法半导体)"	"LCSC"	"C1852782"	"1.105"
"60"	"ADC128S102CIMTX/NOPB"	"U21"	"TSSOP-16_L5.0-W4.4-P0.65-LS6.4-BL"	"1"	"ADC128S102CIMTX/NOPB"	"TI(德州仪器)"	"LCSC"	"C179666"	"2.912"
"61"	"SN74AHCT1G125DBVR"	"U22"	"SOT-23-5_L3.0-W1.7-P0.95-LS2.8-BR"	"1"	"SN74AHCT1G125DBVR"	"TI(德州仪器)"	"LCSC"	"C7484"	"0.101"
"62"	"40MHz"	"X1"	"OSC-SMD_4P-L3.2-W2.5-BL"	"1"	"OT2EL4C4JI-111OLP-40M"	"YXC(扬兴晶振)"	"LCSC"	"C5203551"	"0.488"
