Designator	Footprint	Mid X	Mid Y	Ref X	Ref Y	Pad X	Pad Y	Layer	Rotation	Comment
"BUZZER1"	"BUZ-TH_BD12.5-P5.00-D0.9"	"-164.47mm"	"78.99mm"	"-164.47mm"	"78.99mm"	"-166.97mm"	"78.99mm"	"T"	"0"	"4000Hz"
"C1"	"C1206"	"6.48mm"	"68.07mm"	"6.48mm"	"68.07mm"	"8.07mm"	"68.07mm"	"T"	"180"	"10uF"
"C2"	"C1206"	"6.48mm"	"70.99mm"	"6.48mm"	"70.99mm"	"8.07mm"	"70.99mm"	"T"	"180"	"10uF"
"C3"	"C1206"	"19.81mm"	"88.39mm"	"19.81mm"	"88.39mm"	"19.81mm"	"86.8mm"	"T"	"90"	"47uF"
"C4"	"C1206"	"22.35mm"	"88.39mm"	"22.35mm"	"88.39mm"	"22.35mm"	"86.8mm"	"T"	"90"	"47uF"
"C5"	"C1206"	"24.89mm"	"88.39mm"	"24.89mm"	"88.39mm"	"24.89mm"	"86.8mm"	"T"	"90"	"47uF"
"C6"	"CAP-SMD_BD12.5-L13.0-W13.0-RD"	"22.35mm"	"57.66mm"	"22.35mm"	"57.66mm"	"22.35mm"	"63.46mm"	"T"	"90"	"470uF"
"C7"	"CAP-SMD_BD12.5-L13.0-W13.0-RD"	"8.26mm"	"57.66mm"	"8.26mm"	"57.66mm"	"8.26mm"	"63.46mm"	"T"	"90"	"470uF"
"C8"	"C0402"	"13.46mm"	"87.5mm"	"13.46mm"	"87.5mm"	"13.46mm"	"87.92mm"	"T"	"270"	"4.7nF"
"C9"	"C0402"	"16mm"	"87.5mm"	"16mm"	"87.5mm"	"16mm"	"87.08mm"	"T"	"90"	"47pF"
"C10"	"C0805"	"-153.8mm"	"71.88mm"	"-153.8mm"	"71.88mm"	"-154.8mm"	"71.88mm"	"T"	"0"	"10uF"
"C11"	"C0805"	"-146.18mm"	"71.88mm"	"-146.18mm"	"71.88mm"	"-147.18mm"	"71.88mm"	"T"	"0"	"10uF"
"C12"	"C0805"	"-138.56mm"	"71.88mm"	"-138.56mm"	"71.88mm"	"-139.56mm"	"71.88mm"	"T"	"0"	"10uF"
"C13"	"C0805"	"-130.94mm"	"71.88mm"	"-130.94mm"	"71.88mm"	"-131.94mm"	"71.88mm"	"T"	"0"	"22uF"
"C14"	"C0805"	"-123.32mm"	"71.88mm"	"-123.32mm"	"71.88mm"	"-124.32mm"	"71.88mm"	"T"	"0"	"22uF"
"C15"	"C0805"	"-115.7mm"	"71.88mm"	"-115.7mm"	"71.88mm"	"-116.7mm"	"71.88mm"	"T"	"0"	"22uF"
"C16"	"C0805"	"-108.08mm"	"71.88mm"	"-108.08mm"	"71.88mm"	"-109.08mm"	"71.88mm"	"T"	"0"	"22uF"
"C17"	"C0805"	"-52.2mm"	"51.56mm"	"-52.2mm"	"51.56mm"	"-53.2mm"	"51.56mm"	"T"	"0"	"22uF"
"C18"	"C0805"	"-44.58mm"	"51.56mm"	"-44.58mm"	"51.56mm"	"-45.58mm"	"51.56mm"	"T"	"0"	"22uF"
"C19"	"C0805"	"-36.96mm"	"51.56mm"	"-36.96mm"	"51.56mm"	"-37.96mm"	"51.56mm"	"T"	"0"	"10uF"
"C20"	"C0805"	"-87.76mm"	"43.94mm"	"-87.76mm"	"43.94mm"	"-88.76mm"	"43.94mm"	"T"	"0"	"10uF"
"C21"	"C0805"	"-80.14mm"	"43.94mm"	"-80.14mm"	"43.94mm"	"-81.14mm"	"43.94mm"	"T"	"0"	"10uF"
"C22"	"C1206"	"-145.54mm"	"66.68mm"	"-145.54mm"	"66.68mm"	"-147.13mm"	"66.68mm"	"T"	"0"	"1nF"
"C29"	"C0402"	"-60.83mm"	"44.32mm"	"-60.83mm"	"44.32mm"	"-61.25mm"	"44.32mm"	"T"	"0"	"10nF"
"C30"	"C0402"	"-55.75mm"	"44.32mm"	"-55.75mm"	"44.32mm"	"-56.17mm"	"44.32mm"	"T"	"0"	"10nF"
"C32"	"C0402"	"11.68mm"	"65.91mm"	"11.68mm"	"65.91mm"	"11.26mm"	"65.91mm"	"T"	"0"	"100nF"
"C33"	"C0402"	"-45.59mm"	"44.32mm"	"-45.59mm"	"44.32mm"	"-46.01mm"	"44.32mm"	"T"	"0"	"100nF"
"C34"	"C0402"	"-40.51mm"	"44.32mm"	"-40.51mm"	"44.32mm"	"-40.93mm"	"44.32mm"	"T"	"0"	"100nF"
"C44"	"C0402"	"-35.43mm"	"44.32mm"	"-35.43mm"	"44.32mm"	"-35.85mm"	"44.32mm"	"T"	"0"	"100nF"
"C45"	"C0402"	"-30.35mm"	"44.32mm"	"-30.35mm"	"44.32mm"	"-30.77mm"	"44.32mm"	"T"	"0"	"100nF"
"C46"	"C0402"	"-88.77mm"	"39.24mm"	"-88.77mm"	"39.24mm"	"-89.19mm"	"39.24mm"	"T"	"0"	"100nF"
"C47"	"C0402"	"-83.69mm"	"39.24mm"	"-83.69mm"	"39.24mm"	"-84.11mm"	"39.24mm"	"T"	"0"	"100nF"
"C48"	"C0402"	"-78.61mm"	"39.24mm"	"-78.61mm"	"39.24mm"	"-79.03mm"	"39.24mm"	"T"	"0"	"100nF"
"C49"	"C0402"	"-73.53mm"	"39.24mm"	"-73.53mm"	"39.24mm"	"-73.95mm"	"39.24mm"	"T"	"0"	"100nF"
"C50"	"C0402"	"-68.45mm"	"39.24mm"	"-68.45mm"	"39.24mm"	"-68.87mm"	"39.24mm"	"T"	"0"	"100nF"
"C54"	"C0603"	"-62.87mm"	"39.12mm"	"-62.87mm"	"39.12mm"	"-63.57mm"	"39.12mm"	"T"	"0"	"1uF"
"C55"	"C0603"	"-57.79mm"	"39.12mm"	"-57.79mm"	"39.12mm"	"-58.49mm"	"39.12mm"	"T"	"0"	"1uF"
"C56"	"C0603"	"-52.71mm"	"39.12mm"	"-52.71mm"	"39.12mm"	"-53.41mm"	"39.12mm"	"T"	"0"	"1uF"
"C62"	"C0603"	"-47.63mm"	"39.12mm"	"-47.63mm"	"39.12mm"	"-48.33mm"	"39.12mm"	"T"	"0"	"1uF"
"C63"	"C0603"	"17.65mm"	"88.27mm"	"17.65mm"	"88.27mm"	"17.65mm"	"87.57mm"	"T"	"90"	"1uF"
"C64"	"C0402"	"-37.97mm"	"39.24mm"	"-37.97mm"	"39.24mm"	"-38.39mm"	"39.24mm"	"T"	"0"	"100nF"
"C66"	"C0402"	"-32.89mm"	"39.24mm"	"-32.89mm"	"39.24mm"	"-33.31mm"	"39.24mm"	"T"	"0"	"100nF"
"C67"	"C0805"	"-72.52mm"	"43.94mm"	"-72.52mm"	"43.94mm"	"-73.52mm"	"43.94mm"	"T"	"0"	"10uF"
"C69"	"C0402"	"-88.77mm"	"34.16mm"	"-88.77mm"	"34.16mm"	"-89.19mm"	"34.16mm"	"T"	"0"	"100nF"
"C70"	"C0402"	"-83.69mm"	"34.16mm"	"-83.69mm"	"34.16mm"	"-84.11mm"	"34.16mm"	"T"	"0"	"100nF"
"C71"	"C0402"	"-78.61mm"	"34.16mm"	"-78.61mm"	"34.16mm"	"-79.03mm"	"34.16mm"	"T"	"0"	"100nF"
"C72"	"C0402"	"-73.53mm"	"34.16mm"	"-73.53mm"	"34.16mm"	"-73.95mm"	"34.16mm"	"T"	"0"	"100nF"
"C73"	"C0402"	"-68.45mm"	"34.16mm"	"-68.45mm"	"34.16mm"	"-68.87mm"	"34.16mm"	"T"	"0"	"100nF"
"C74"	"C0402"	"-63.37mm"	"34.16mm"	"-63.37mm"	"34.16mm"	"-63.79mm"	"34.16mm"	"T"	"0"	"100nF"
"C76"	"C0402"	"-58.29mm"	"34.16mm"	"-58.29mm"	"34.16mm"	"-58.71mm"	"34.16mm"	"T"	"0"	"100nF"
"C77"	"C0402"	"-53.21mm"	"34.16mm"	"-53.21mm"	"34.16mm"	"-53.63mm"	"34.16mm"	"T"	"0"	"100nF"
"C78"	"C0402"	"-48.13mm"	"34.16mm"	"-48.13mm"	"34.16mm"	"-48.55mm"	"34.16mm"	"T"	"0"	"100nF"
"C79"	"C0402"	"-43.05mm"	"34.16mm"	"-43.05mm"	"34.16mm"	"-43.47mm"	"34.16mm"	"T"	"0"	"100nF"
"C80"	"C0603"	"-37.47mm"	"34.04mm"	"-37.47mm"	"34.04mm"	"-38.17mm"	"34.04mm"	"T"	"0"	"1uF"
"C83"	"C0402"	"-32.89mm"	"34.16mm"	"-32.89mm"	"34.16mm"	"-33.31mm"	"34.16mm"	"T"	"0"	"100nF"
"C84"	"C0603"	"-88.27mm"	"28.96mm"	"-88.27mm"	"28.96mm"	"-88.97mm"	"28.96mm"	"T"	"0"	"1uF"
"C85"	"C0402"	"-83.69mm"	"29.08mm"	"-83.69mm"	"29.08mm"	"-84.11mm"	"29.08mm"	"T"	"0"	"100nF"
"C86"	"C0402"	"-78.61mm"	"29.08mm"	"-78.61mm"	"29.08mm"	"-79.03mm"	"29.08mm"	"T"	"0"	"100nF"
"C87"	"C0402"	"-73.53mm"	"29.08mm"	"-73.53mm"	"29.08mm"	"-73.95mm"	"29.08mm"	"T"	"0"	"100nF"
"C88"	"C0402"	"-68.45mm"	"29.08mm"	"-68.45mm"	"29.08mm"	"-68.87mm"	"29.08mm"	"T"	"0"	"100nF"
"C89"	"C0402"	"-63.37mm"	"29.08mm"	"-63.37mm"	"29.08mm"	"-63.79mm"	"29.08mm"	"T"	"0"	"100nF"
"C90"	"C0402"	"-58.29mm"	"29.08mm"	"-58.29mm"	"29.08mm"	"-58.71mm"	"29.08mm"	"T"	"0"	"100nF"
"C91"	"C0402"	"-53.21mm"	"29.08mm"	"-53.21mm"	"29.08mm"	"-53.63mm"	"29.08mm"	"T"	"0"	"100nF"
"D1"	"SMC_L7.1-W6.2-LS8.1-RD"	"9.4mm"	"81.03mm"	"9.4mm"	"81.03mm"	"9.4mm"	"77.59mm"	"T"	"90"	"SS56C_C123948"
"D2"	"SOD-123_L2.7-W1.6-LS3.7-RD"	"31.88mm"	"48.51mm"	"31.88mm"	"48.51mm"	"31.88mm"	"46.88mm"	"T"	"90"	"BZT52C12-7-F"
"D4"	"SOD-123_L2.7-W1.6-LS3.7-RD-1"	"-130.56mm"	"66.8mm"	"-130.56mm"	"66.8mm"	"-132.26mm"	"66.8mm"	"T"	"0"	"B5819W_C8598"
"D5"	"SOT-23-3_L2.9-W1.3-P1.90-LS2.4-BR"	"-116.08mm"	"58.55mm"	"-116.08mm"	"58.55mm"	"-115.08mm"	"57.6mm"	"T"	"0"	"NUP2105L_C284104"
"D6"	"SOT-23-3_L2.9-W1.3-P1.90-LS2.4-BR"	"-111mm"	"58.55mm"	"-111mm"	"58.55mm"	"-110mm"	"57.6mm"	"T"	"0"	"NUP2105L_C284104"
"D7"	"SOT-23-3_L2.9-W1.3-P1.90-LS2.4-BR"	"-105.92mm"	"58.55mm"	"-105.92mm"	"58.55mm"	"-104.92mm"	"57.6mm"	"T"	"0"	"NUP2105L_C284104"
"D9"	"SMA_L4.4-W2.6-LS5.0-BI"	"-122.3mm"	"66.29mm"	"-122.3mm"	"66.29mm"	"-124.3mm"	"66.29mm"	"T"	"0"	"SMAJ12CA-13-F"
"D10"	"SMA_L4.4-W2.6-LS5.0-BI"	"-114.68mm"	"66.29mm"	"-114.68mm"	"66.29mm"	"-116.68mm"	"66.29mm"	"T"	"0"	"SMAJ12CA-13-F"
"D11"	"SMA_L4.4-W2.6-LS5.0-BI"	"-107.06mm"	"66.29mm"	"-107.06mm"	"66.29mm"	"-109.06mm"	"66.29mm"	"T"	"0"	"SMAJ12CA-13-F"
"D12"	"SMA_L4.4-W2.6-LS5.0-BI"	"-168.02mm"	"58.67mm"	"-168.02mm"	"58.67mm"	"-170.02mm"	"58.67mm"	"T"	"0"	"SMAJ12CA-13-F"
"D13"	"SOD-923_L0.8-W0.6-LS1.0-BI-1"	"-48.39mm"	"29.21mm"	"-48.39mm"	"29.21mm"	"-48.89mm"	"29.21mm"	"T"	"0"	"ESD9B5V"
"D14"	"SMA_L4.4-W2.8-LS5.4-RD"	"-75.95mm"	"73.91mm"	"-75.95mm"	"73.91mm"	"-78.51mm"	"73.91mm"	"T"	"0"	"SMAJ16A_C283886"
"D15"	"SOT-23-6_L2.9-W1.6-P0.95-LS2.8-BL"	"-87.88mm"	"50.8mm"	"-87.88mm"	"50.8mm"	"-88.83mm"	"49.65mm"	"T"	"0"	"SRV05-4_C558418"
"D16"	"SOD-923_L0.8-W0.6-LS1.0-BI-1"	"-43.31mm"	"29.21mm"	"-43.31mm"	"29.21mm"	"-43.81mm"	"29.21mm"	"T"	"0"	"ESD9B5V"
"D17"	"SMA_L4.4-W2.8-LS5.4-RD"	"-65.79mm"	"73.91mm"	"-65.79mm"	"73.91mm"	"-68.35mm"	"73.91mm"	"T"	"0"	"SMAJ16A_C283886"
"D18"	"SMA_L4.4-W2.8-LS5.4-RD"	"-55.63mm"	"73.91mm"	"-55.63mm"	"73.91mm"	"-58.19mm"	"73.91mm"	"T"	"0"	"SMAJ16A_C283886"
"D19"	"LED-SMD_4P-L4.0-W1.6-L"	"1.4mm"	"89.41mm"	"1.4mm"	"89.41mm"	"1.38mm"	"91.21mm"	"T"	"270"	"SK6812SIDE-A_C5378721"
"D20"	"LED-SMD_4P-L4.0-W1.6-L"	"1.4mm"	"84.2mm"	"1.4mm"	"84.2mm"	"1.38mm"	"86mm"	"T"	"270"	"SK6812SIDE-A_C5378721"
"D21"	"LED-SMD_4P-L4.0-W1.6-L"	"1.4mm"	"78.99mm"	"1.4mm"	"78.99mm"	"1.38mm"	"80.79mm"	"T"	"270"	"SK6812SIDE-A_C5378721"
"D22"	"LED-SMD_4P-L4.0-W1.6-L"	"1.4mm"	"73.91mm"	"1.4mm"	"73.91mm"	"1.38mm"	"75.71mm"	"T"	"270"	"SK6812SIDE-A_C5378721"
"D23"	"LED0603-RD"	"1.52mm"	"69.09mm"	"1.52mm"	"69.09mm"	"1.52mm"	"69.84mm"	"T"	"270"	"XL-0603QYGC"
"H1"	"HDR-F-2.54_1X3"	"-45.09mm"	"73.91mm"	"-45.09mm"	"73.91mm"	"-47.63mm"	"73.91mm"	"T"	"0"	"HDR-F-2.54_1x3"
"H3"	"HDR-F-2.54_2X2"	"-120.02mm"	"82.8mm"	"-120.02mm"	"82.8mm"	"-121.29mm"	"81.53mm"	"T"	"0"	"HDR-F-2.54_2x2"
"J1"	"ATS1326PABM01"	"17.59mm"	"25.67mm"	"21.59mm"	"34.67mm"	"21.59mm"	"34.67mm"	"T"	"270"	"ATS13-26PA-BM01"
"L1"	"RJ45-TH_HR911130C"	"12.83mm"	"108.59mm"	"12.83mm"	"108.59mm"	"5.9mm"	"115.19mm"	"T"	"90"	"HR911130C"
"L2"	"IND-SMD_L11.0-W10.0_MDA1054HT"	"19.81mm"	"80.39mm"	"19.81mm"	"80.39mm"	"15.36mm"	"80.39mm"	"T"	"0"	"6.8uH"
"L3"	"IND-SMD_L4.0-W4.0_SMNR4012"	"-130.56mm"	"58.04mm"	"-130.56mm"	"58.04mm"	"-132.16mm"	"58.04mm"	"T"	"0"	"3.3uH"
"P2"	"ARDUSIMPLE"	"-129.79mm"	"117.22mm"	"-129.79mm"	"117.22mm"	"-129.29mm"	"141.35mm"	"T"	"0"	"Ardusimple RTK2B Board"
"Q1"	"TO-252-3_L6.5-W6.1-P4.58-LS9.9-BR"	"29.08mm"	"40.64mm"	"29.08mm"	"40.64mm"	"31.37mm"	"43.77mm"	"T"	"90"	"IRFR5305TRPBF"
"Q2"	"SOT-23-3_L2.9-W1.3-P1.90-LS2.4-BR"	"-83.06mm"	"50.93mm"	"-83.06mm"	"50.93mm"	"-82.06mm"	"49.98mm"	"T"	"0"	"2N7002"
"R1"	"R0402"	"18.03mm"	"67.95mm"	"18.03mm"	"67.95mm"	"17.6mm"	"67.95mm"	"T"	"0"	"243kΩ"
"R2"	"R0402"	"15.24mm"	"65.53mm"	"15.24mm"	"65.53mm"	"14.81mm"	"65.53mm"	"T"	"0"	"442kΩ"
"R3"	"R0402"	"17.53mm"	"65.53mm"	"17.53mm"	"65.53mm"	"17.09mm"	"65.53mm"	"T"	"0"	"90.9kΩ"
"R4"	"R0402"	"-78.61mm"	"24mm"	"-78.61mm"	"24mm"	"-79.05mm"	"24mm"	"T"	"0"	"487Ω"
"R5"	"R0402"	"14.73mm"	"87.5mm"	"14.73mm"	"87.5mm"	"14.73mm"	"87.07mm"	"T"	"90"	"16.9kΩ"
"R6"	"R0402"	"-68.45mm"	"24mm"	"-68.45mm"	"24mm"	"-68.89mm"	"24mm"	"T"	"0"	"8.2kΩ"
"R7"	"R0402"	"18.16mm"	"73.28mm"	"18.16mm"	"73.28mm"	"18.59mm"	"73.28mm"	"T"	"180"	"52.3kΩ"
"R8"	"R0402"	"-58.29mm"	"24mm"	"-58.29mm"	"24mm"	"-58.73mm"	"24mm"	"T"	"0"	"33kΩ"
"R13"	"R0402"	"-53.21mm"	"24mm"	"-53.21mm"	"24mm"	"-53.65mm"	"24mm"	"T"	"0"	"1kΩ"
"R14"	"R0402"	"-48.13mm"	"24mm"	"-48.13mm"	"24mm"	"-48.57mm"	"24mm"	"T"	"0"	"1kΩ"
"R15"	"R0402"	"-43.05mm"	"24mm"	"-43.05mm"	"24mm"	"-43.49mm"	"24mm"	"T"	"0"	"10kΩ"
"R27"	"R0402"	"-37.97mm"	"24mm"	"-37.97mm"	"24mm"	"-38.41mm"	"24mm"	"T"	"0"	"330Ω"
"R28"	"R0402"	"-32.89mm"	"24mm"	"-32.89mm"	"24mm"	"-33.33mm"	"24mm"	"T"	"0"	"330Ω"
"R29"	"R0402"	"-88.77mm"	"18.92mm"	"-88.77mm"	"18.92mm"	"-89.21mm"	"18.92mm"	"T"	"0"	"330Ω"
"R32"	"R0402"	"-83.69mm"	"18.92mm"	"-83.69mm"	"18.92mm"	"-84.13mm"	"18.92mm"	"T"	"0"	"470Ω"
"R33"	"R0402"	"-78.61mm"	"18.92mm"	"-78.61mm"	"18.92mm"	"-79.05mm"	"18.92mm"	"T"	"0"	"100Ω"
"R40"	"R0402"	"31.88mm"	"52.45mm"	"31.88mm"	"52.45mm"	"31.88mm"	"52.02mm"	"T"	"90"	"100kΩ"
"R42"	"R0402"	"-68.45mm"	"18.92mm"	"-68.45mm"	"18.92mm"	"-68.89mm"	"18.92mm"	"T"	"0"	"100kΩ"
"R43"	"R0402"	"-63.37mm"	"18.92mm"	"-63.37mm"	"18.92mm"	"-63.81mm"	"18.92mm"	"T"	"0"	"100kΩ"
"R47"	"R0402"	"30.23mm"	"51.94mm"	"30.23mm"	"51.94mm"	"30.23mm"	"51.51mm"	"T"	"90"	"10kΩ"
"R48"	"R0402"	"18.16mm"	"72.01mm"	"18.16mm"	"72.01mm"	"17.73mm"	"72.01mm"	"T"	"0"	"10kΩ"
"R49"	"R0402"	"-48.13mm"	"18.92mm"	"-48.13mm"	"18.92mm"	"-48.57mm"	"18.92mm"	"T"	"0"	"10kΩ"
"R50"	"R0402"	"-43.05mm"	"18.92mm"	"-43.05mm"	"18.92mm"	"-43.49mm"	"18.92mm"	"T"	"0"	"10kΩ"
"R51"	"R0402"	"-37.97mm"	"18.92mm"	"-37.97mm"	"18.92mm"	"-38.41mm"	"18.92mm"	"T"	"0"	"10kΩ"
"R58"	"R0402"	"-32.89mm"	"18.92mm"	"-32.89mm"	"18.92mm"	"-33.33mm"	"18.92mm"	"T"	"0"	"1kΩ"
"R59"	"R0402"	"-88.77mm"	"13.84mm"	"-88.77mm"	"13.84mm"	"-89.21mm"	"13.84mm"	"T"	"0"	"10kΩ"
"R60"	"R0402"	"-83.69mm"	"13.84mm"	"-83.69mm"	"13.84mm"	"-84.13mm"	"13.84mm"	"T"	"0"	"1kΩ"
"R61"	"R0402"	"-78.61mm"	"13.84mm"	"-78.61mm"	"13.84mm"	"-79.05mm"	"13.84mm"	"T"	"0"	"10kΩ"
"R62"	"R0402"	"-73.53mm"	"13.84mm"	"-73.53mm"	"13.84mm"	"-73.97mm"	"13.84mm"	"T"	"0"	"10kΩ"
"R63"	"R0402"	"-68.45mm"	"13.84mm"	"-68.45mm"	"13.84mm"	"-68.89mm"	"13.84mm"	"T"	"0"	"4.7kΩ"
"R64"	"R0402"	"-63.37mm"	"13.84mm"	"-63.37mm"	"13.84mm"	"-63.81mm"	"13.84mm"	"T"	"0"	"33Ω"
"R65"	"R0402"	"-58.29mm"	"13.84mm"	"-58.29mm"	"13.84mm"	"-58.73mm"	"13.84mm"	"T"	"0"	"33Ω"
"R66"	"R0402"	"-53.21mm"	"13.84mm"	"-53.21mm"	"13.84mm"	"-53.65mm"	"13.84mm"	"T"	"0"	"33Ω"
"R69"	"R0402"	"-48.13mm"	"13.84mm"	"-48.13mm"	"13.84mm"	"-48.57mm"	"13.84mm"	"T"	"0"	"10kΩ"
"R70"	"R0402"	"-43.05mm"	"13.84mm"	"-43.05mm"	"13.84mm"	"-43.49mm"	"13.84mm"	"T"	"0"	"1kΩ"
"R71"	"R0402"	"-37.97mm"	"13.84mm"	"-37.97mm"	"13.84mm"	"-38.41mm"	"13.84mm"	"T"	"0"	"330Ω"
"R72"	"R0402"	"-32.89mm"	"13.84mm"	"-32.89mm"	"13.84mm"	"-33.33mm"	"13.84mm"	"T"	"0"	"1kΩ"
"R73"	"R0402"	"-110.74mm"	"12.57mm"	"-110.74mm"	"12.57mm"	"-111.18mm"	"12.57mm"	"T"	"0"	"1kΩ"
"R74"	"R0402"	"-105.66mm"	"12.57mm"	"-105.66mm"	"12.57mm"	"-106.1mm"	"12.57mm"	"T"	"0"	"10kΩ"
"R75"	"R0402"	"-100.58mm"	"12.57mm"	"-100.58mm"	"12.57mm"	"-101.02mm"	"12.57mm"	"T"	"0"	"10kΩ"
"R79"	"R0402"	"-95.5mm"	"12.57mm"	"-95.5mm"	"12.57mm"	"-95.94mm"	"12.57mm"	"T"	"0"	"1kΩ"
"SW1"	"KEY-TH_PTS645VXX83XLFS"	"8mm"	"95.38mm"	"8mm"	"95.38mm"	"6.73mm"	"97.63mm"	"T"	"270"	"PTS645VH83-2LFS"
"TV1"	"SMB_L4.6-W3.6-LS5.3-RD"	"21.97mm"	"70.49mm"	"21.97mm"	"70.49mm"	"21.97mm"	"68.12mm"	"T"	"90"	"SMBJ24A-C87268"
"U1"	"SOIC-8_L5.0-W4.0-P1.27-LS6.0-BL-EP2.0"	"14.1mm"	"70.74mm"	"14.1mm"	"70.74mm"	"12.19mm"	"67.97mm"	"T"	"0"	"TPS54560DDAR"
"U2"	"WSON-8_L2.0-W2.0-P0.50-TL-EP"	"-78.11mm"	"51.31mm"	"-78.11mm"	"51.31mm"	"-79.06mm"	"52.06mm"	"T"	"0"	"TPS259571DSGR"
"U3"	"TSOT-23-5_L2.9-W1.6-P0.95-LS2.8-BL"	"-72.64mm"	"50.8mm"	"-72.64mm"	"50.8mm"	"-73.59mm"	"49.65mm"	"T"	"0"	"RT9080-33GJ5"
"U4"	"SOT-23-6_L2.9-W1.6-P0.95-LS2.8-BR"	"-67.44mm"	"50.93mm"	"-67.44mm"	"50.93mm"	"-66.09mm"	"49.98mm"	"T"	"0"	"TPS563201DDCR"
"U5"	"NVME"	"138.32mm"	"91.31mm"	"100.2mm"	"91.31mm"	"96.43mm"	"82.06mm"	"T"	"90"	"91302-55-067R2M"
"U7"	"SSOP-28_L10.2-W5.3-P0.65-LS7.8-BL"	"-79.5mm"	"63.5mm"	"-79.5mm"	"63.5mm"	"-83.73mm"	"60.04mm"	"T"	"0"	"MCP251863T-E/SS"
"U8"	"SSOP-28_L10.2-W5.3-P0.65-LS7.8-BL"	"-66.8mm"	"63.5mm"	"-66.8mm"	"63.5mm"	"-71.03mm"	"60.04mm"	"T"	"0"	"MCP251863T-E/SS"
"U9"	"SSOP-28_L10.2-W5.3-P0.65-LS7.8-BL"	"-54.1mm"	"63.5mm"	"-54.1mm"	"63.5mm"	"-58.33mm"	"60.04mm"	"T"	"0"	"MCP251863T-E/SS"
"U12"	"SOIC-16_L9.9-W3.9-P1.27-LS6.0-BL"	"-41.15mm"	"64.26mm"	"-41.15mm"	"64.26mm"	"-45.59mm"	"61.53mm"	"T"	"0"	"SP3232EEN-L/TR"
"U16"	"UM982EB MODULE"	"-63.9mm"	"121.27mm"	"-96.77mm"	"104.27mm"	"-31.02mm"	"134.27mm"	"T"	"0"	"UM982EB MODULE"
"U19"	"COMM-SMD_L55.0-W40.0_CM4101000"	"73.41mm"	"86.23mm"	"73.41mm"	"86.23mm"	"54.87mm"	"96.03mm"	"T"	"90"	"CM4101000"
"U20"	"SOT-23-5_L2.9-W1.6-P0.95-LS2.8-BL"	"-62.74mm"	"50.93mm"	"-62.74mm"	"50.93mm"	"-63.69mm"	"49.83mm"	"T"	"0"	"STWD100NXWY3F"
"U21"	"TSSOP-16_L5.0-W4.4-P0.65-LS6.4-BL"	"-152.65mm"	"81.92mm"	"-152.65mm"	"81.92mm"	"-154.93mm"	"79.05mm"	"T"	"0"	"ADC128S102CIMTX/NOPB"
"U22"	"SOT-23-5_L3.0-W1.7-P0.95-LS2.8-BR"	"-57.4mm"	"50.93mm"	"-57.4mm"	"50.93mm"	"-56.1mm"	"49.98mm"	"T"	"0"	"SN74AHCT1G125DBVR"
"X1"	"OSC-SMD_4P-L3.2-W2.5-BL"	"-122.94mm"	"58.42mm"	"-122.94mm"	"58.42mm"	"-124.04mm"	"57.55mm"	"T"	"0"	"40MHz"
